{"questionId":"4a2c4549c929a37184b57c79c264a044","question":"what is the cause of death of Ludwig Aschoff ?","image":"https://upload.wikimedia.org/wikipedia/commons/e/ea/Ludwig-aschoff.jpg","topicIds":["T5"],"option1":"heart attack","option2":"Alzheimer's disease","correctIndex":1}
{"questionId":"047e360e816757a5636f929f5f65ee6e","question":"what is the cause of death of Angela Hitler ?","image":"No Image Available In Wikidata","topicIds":["T5"],"option1":"Alzheimer's disease","option2":"stroke","correctIndex":2}
{"questionId":"3e566f4603af583632e8455bfe79f605","question":"what is the cause of death of Paula Hitler ?","image":"https://upload.wikimedia.org/wikipedia/commons/7/78/Паула_Гитлер.jpg","topicIds":["T5"],"option1":"stroke","option2":"cancer","correctIndex":2}
{"questionId":"ebbbdcc7976ab6d17c21c2fcbe9e0dad","question":"what is the cause of death of Carl von Ossietzky ?","image":"https://upload.wikimedia.org/wikipedia/commons/5/5c/Carl_von_Ossietzky.jpg","topicIds":["T5"],"option1":"heart attack","option2":"tuberculosis","correctIndex":2}
{"questionId":"e8cc36480fba09fa5cde529a28b60d00","question":"what is the cause of death of Richard Willstätter ?","image":"https://upload.wikimedia.org/wikipedia/commons/2/26/Richard_Willstätter.jpg","topicIds":["T5"],"option1":"heart attack","option2":"gallbladder cancer","correctIndex":1}
{"questionId":"99950b0e1bffa9edaf48a12721bc8474","question":"what is the cause of death of Paul von Hindenburg ?","image":"https://upload.wikimedia.org/wikipedia/commons/e/ea/Bundesarchiv_Bild_183-S51620,_Generalfeldmarschall_Paul_v._Hindenburg.jpg","topicIds":["T5"],"option1":"lung cancer","option2":"gallbladder cancer","correctIndex":1}
{"questionId":"a7b47348a4fd83a9c3acfe11dbcea07a","question":"what is the cause of death of Werner Heisenberg ?","image":"https://upload.wikimedia.org/wikipedia/commons/f/f8/Bundesarchiv_Bild183-R57262,_Werner_Heisenberg.jpg","topicIds":["T5"],"option1":"kidney cancer","option2":"lung cancer","correctIndex":1}
{"questionId":"a7b47348a4fd83a9c3acfe11dbcea07a","question":"what is the cause of death of Werner Heisenberg ?","image":"https://upload.wikimedia.org/wikipedia/commons/f/f8/Bundesarchiv_Bild183-R57262,_Werner_Heisenberg.jpg","topicIds":["T5"],"option1":"cancer","option2":"gallbladder cancer","correctIndex":2}
{"questionId":"5609ee5d0dbac423068a9f7dc12d7117","question":"what is the cause of death of Adolf Eichmann ?","image":"https://upload.wikimedia.org/wikipedia/commons/6/6b/WP_Adolf_Eichmann_1942.jpg","topicIds":["T5"],"option1":"suicide","option2":"hanging","correctIndex":2}
{"questionId":"c45f9cdeeecf5a34ea5ff1ab4e71a9ef","question":"what is the cause of death of Carl Orff ?","image":"https://upload.wikimedia.org/wikipedia/commons/f/f1/Holzmeister-Orff-klein.jpg","topicIds":["T5"],"option1":"cancer","option2":"gallbladder cancer","correctIndex":1}
{"questionId":"b829d36e26e2205f62c109e5056176ca","question":"what is the cause of death of Adolf Hitler ?","image":"https://upload.wikimedia.org/wikipedia/commons/1/10/Bundesarchiv_Bild_183-S33882,_Adolf_Hitler_retouched.jpg","topicIds":["T5"],"option1":"suicide","option2":"heart attack","correctIndex":1}
{"questionId":"2e0e096cd03d42fa91b03494b6849d45","question":"what is the cause of death of Erwin Bünning ?","image":"No Image Available In Wikidata","topicIds":["T5"],"option1":"Alzheimer's disease","option2":"kidney cancer","correctIndex":1}
