{"questionId":"1d85c582876a2a455666ea9801888534","question":"John Morton Clayton is from which country ?","image":"No Image Available In Wikidata","option1":"South Africa","option2":"Pakistan","option3":"New Zealand","option4":"Saint Lucia","option5":"Kingdom of Great Britain","option6":"United Kingdom","option7":"Australia","option8":"India","correctIndex":6}
{"questionId":"07fa1d6f03d6a22a084c54e5a5cece96","question":"Stuart Law is from which country ?","image":"No Image Available In Wikidata","option1":"Germany","option2":"Ireland","option3":"Australia","option4":"Kenya","option5":"South Africa","option6":"Pakistan","option7":"United Kingdom","option8":"New Zealand","correctIndex":3}
{"questionId":"f838477727c57bb11d6d63157eab4b8c","question":"Herbert Sutcliffe is from which country ?","image":"https://upload.wikimedia.org/wikipedia/commons/9/93/HerbertSutcliffe.jpg","option1":"Kenya","option2":"Germany","option3":"Australia","option4":"Bangladesh","option5":"United Kingdom","option6":"India","option7":"South Africa","option8":"United States of America","correctIndex":5}
{"questionId":"dc8099301cb2bb4d44247edf42f75b38","question":"Varun Aaron is from which country ?","image":"https://upload.wikimedia.org/wikipedia/commons/7/77/Varun_Aaron.jpg","option1":"South Africa","option2":"United Kingdom","option3":"United States of America","option4":"Kingdom of Great Britain","option5":"India","option6":"Ireland","option7":"Australia","option8":"New Zealand","correctIndex":5}
{"questionId":"231768b1d11301d80b17fafb048aaf62","question":"Harbhajan Singh is from which country ?","image":"https://upload.wikimedia.org/wikipedia/commons/a/a6/Harbhajan_Singh's_Pepsi_promotional_event_'Change_The_Game'.jpg","option1":"Pakistan","option2":"New Zealand","option3":"Kingdom of Great Britain","option4":"India","option5":"Bangladesh","option6":"Ireland","option7":"Kenya","option8":"Saint Lucia","correctIndex":4}
{"questionId":"ef717160ffb0eebf950c8767e00f524a","question":"John Bowes-Lyon is from which country ?","image":"No Image Available In Wikidata","option1":"South Africa","option2":"Ireland","option3":"United Kingdom","option4":"New Zealand","option5":"Saint Lucia","option6":"Pakistan","option7":"Kingdom of Great Britain","option8":"Kenya","correctIndex":3}
{"questionId":"d11d7f5dd7a7ef74d3a97a72b03e9d37","question":"Robert Anderson is from which country ?","image":"No Image Available In Wikidata","option1":"Kingdom of Great Britain","option2":"Saint Lucia","option3":"Bangladesh","option4":"New Zealand","option5":"United Kingdom","option6":"Ireland","option7":"Pakistan","option8":"United States of America","correctIndex":4}
{"questionId":"28ba080392a33063120f55c98ed97334","question":"Jamie Siddons is from which country ?","image":"https://upload.wikimedia.org/wikipedia/commons/4/42/Jamie_Siddons,_23_January,_2009,_Dhaka_SBNS.jpg","option1":"Ireland","option2":"Saint Lucia","option3":"Pakistan","option4":"Australia","option5":"Kenya","option6":"Bangladesh","option7":"United States of America","option8":"United Kingdom","correctIndex":4}
{"questionId":"0d0910ec8b3003251b1e2ca29df413d4","question":"Darren Sammy is from which country ?","image":"https://upload.wikimedia.org/wikipedia/commons/3/3d/DARREN_SAMMY.jpg","option1":"New Zealand","option2":"South Africa","option3":"India","option4":"Australia","option5":"Ireland","option6":"Kenya","option7":"Saint Lucia","option8":"United Kingdom","correctIndex":7}
{"questionId":"c97823f2820f430d7d33543855cc5bb0","question":"Shane Jurgensen is from which country ?","image":"No Image Available In Wikidata","option1":"Australia","option2":"United States of America","option3":"Ireland","option4":"Germany","option5":"South Africa","option6":"Pakistan","option7":"Kingdom of Great Britain","option8":"New Zealand","correctIndex":1}
{"questionId":"457c53a17db4b0e9f4a57f69e33e0642","question":"Ian Axford is from which country ?","image":"No Image Available In Wikidata","option1":"Pakistan","option2":"Ireland","option3":"Kenya","option4":"New Zealand","option5":"Bangladesh","option6":"United States of America","option7":"India","option8":"Germany","correctIndex":4}
{"questionId":"0db7282fd34cbf7e2ae6c73f2e321e20","question":"V. V. S. Laxman is from which country ?","image":"https://upload.wikimedia.org/wikipedia/commons/8/8b/VVS_Laxman99.jpg","option1":"Kenya","option2":"Bangladesh","option3":"India","option4":"United States of America","option5":"Saint Lucia","option6":"Australia","option7":"Ireland","option8":"Kingdom of Great Britain","correctIndex":3}
{"questionId":"50d7c2bdaffb5f448a276662fc0f0ddd","question":"Baloo Gupte is from which country ?","image":"No Image Available In Wikidata","option1":"Bangladesh","option2":"Germany","option3":"United States of America","option4":"New Zealand","option5":"Ireland","option6":"Kingdom of Great Britain","option7":"India","option8":"South Africa","correctIndex":7}
{"questionId":"c46870d2007f9d44d5944abdfa809eaf","question":"Charlie McGahey is from which country ?","image":"https://upload.wikimedia.org/wikipedia/commons/d/db/Charlie_McGahey_Cigarette_Card.jpg","option1":"Ireland","option2":"South Africa","option3":"New Zealand","option4":"Saint Lucia","option5":"India","option6":"Bangladesh","option7":"Kingdom of Great Britain","option8":"United Kingdom","correctIndex":8}
{"questionId":"65b6322e2e6df0d3b62b6f0e3336842d","question":"Maurice Cook is from which country ?","image":"https://upload.wikimedia.org/wikipedia/commons/b/ba/MauriceCookJimmyHill.jpg","option1":"India","option2":"South Africa","option3":"Germany","option4":"Pakistan","option5":"New Zealand","option6":"United Kingdom","option7":"United States of America","option8":"Saint Lucia","correctIndex":6}
{"questionId":"243948e52b25f1a4eba0553b37ce5a78","question":"Ken Day is from which country ?","image":"No Image Available In Wikidata","option1":"Australia","option2":"Bangladesh","option3":"Germany","option4":"South Africa","option5":"United Kingdom","option6":"Kenya","option7":"Ireland","option8":"Saint Lucia","correctIndex":5}
{"questionId":"422927a922bc10df0383a0adc19c00d6","question":"Victor Clube is from which country ?","image":"No Image Available In Wikidata","option1":"Kingdom of Great Britain","option2":"United States of America","option3":"United Kingdom","option4":"Pakistan","option5":"Bangladesh","option6":"New Zealand","option7":"Ireland","option8":"Germany","correctIndex":3}
{"questionId":"8512dbb3fca908081589e5529db963ca","question":"Cheteshwar Pujara is from which country ?","image":"https://upload.wikimedia.org/wikipedia/commons/3/3e/CHETESHWAR_PUJARA_(16007168057).jpg","option1":"India","option2":"Germany","option3":"Pakistan","option4":"United States of America","option5":"Bangladesh","option6":"Australia","option7":"New Zealand","option8":"Ireland","correctIndex":1}
{"questionId":"4291cc5a6a203d07972317e41bb69865","question":"Reginald Allen is from which country ?","image":"No Image Available In Wikidata","option1":"Bangladesh","option2":"United States of America","option3":"United Kingdom","option4":"Pakistan","option5":"Australia","option6":"South Africa","option7":"India","option8":"Kingdom of Great Britain","correctIndex":3}
{"questionId":"f563de43b22e90d9367c4008e7b53bbb","question":"Rupesh Amin is from which country ?","image":"No Image Available In Wikidata","option1":"India","option2":"United Kingdom","option3":"Kenya","option4":"Ireland","option5":"Australia","option6":"Bangladesh","option7":"New Zealand","option8":"United States of America","correctIndex":2}
{"questionId":"b6b7ee6183a54ba7d886f647d4387e47","question":"Geoffrey Dawson is from which country ?","image":"No Image Available In Wikidata","option1":"Bangladesh","option2":"South Africa","option3":"Australia","option4":"Pakistan","option5":"Kingdom of Great Britain","option6":"United Kingdom","option7":"New Zealand","option8":"Ireland","correctIndex":6}
{"questionId":"db709262aba9eb4747dbe0bb42f31e2f","question":"Katey Martin is from which country ?","image":"https://upload.wikimedia.org/wikipedia/commons/d/d1/Katey_Martin.jpg","option1":"Kingdom of Great Britain","option2":"United States of America","option3":"Kenya","option4":"Ireland","option5":"Saint Lucia","option6":"New Zealand","option7":"Bangladesh","option8":"Pakistan","correctIndex":6}
{"questionId":"ae34f6c5b4d26527de9d302051f39dc3","question":"Michael Hussey is from which country ?","image":"https://upload.wikimedia.org/wikipedia/commons/5/58/Mike_Hussey_3.jpg","option1":"Ireland","option2":"Kingdom of Great Britain","option3":"Australia","option4":"South Africa","option5":"Bangladesh","option6":"India","option7":"Germany","option8":"United States of America","correctIndex":3}
{"questionId":"9d02925a9eccf1a9b7d1da43a139de39","question":"Charles Lanaway is from which country ?","image":"No Image Available In Wikidata","option1":"Kingdom of Great Britain","option2":"Germany","option3":"Saint Lucia","option4":"Ireland","option5":"New Zealand","option6":"South Africa","option7":"United Kingdom","option8":"India","correctIndex":7}
{"questionId":"ca6d38ddd51caba81388e1e6568830a2","question":"George Greenwood is from which country ?","image":"https://upload.wikimedia.org/wikipedia/commons/c/cd/GG_Greenwood.jpg","option1":"Kenya","option2":"Germany","option3":"United Kingdom","option4":"New Zealand","option5":"Ireland","option6":"Pakistan","option7":"Saint Lucia","option8":"Bangladesh","correctIndex":3}
{"questionId":"481bea686e191745d4c19572b73b90ce","question":"Frederick, Prince of Wales is from which country ?","image":"https://upload.wikimedia.org/wikipedia/commons/b/b2/Frederick_Lewis,_Prince_of_Wales_by_Philip_Mercier.jpg","option1":"Saint Lucia","option2":"United Kingdom","option3":"New Zealand","option4":"Kingdom of Great Britain","option5":"Pakistan","option6":"Australia","option7":"India","option8":"United States of America","correctIndex":4}
{"questionId":"481bea686e191745d4c19572b73b90ce","question":"Frederick, Prince of Wales is from which country ?","image":"https://upload.wikimedia.org/wikipedia/commons/b/b2/Frederick_Lewis,_Prince_of_Wales_by_Philip_Mercier.jpg","option1":"India","option2":"Pakistan","option3":"Germany","option4":"New Zealand","option5":"United States of America","option6":"Kenya","option7":"Ireland","option8":"Australia","correctIndex":3}
{"questionId":"d823c01a2ee8d7346cb9479dec88bcde","question":"Alastair McCorquodale is from which country ?","image":"https://upload.wikimedia.org/wikipedia/commons/7/70/Alistair_McCorquodale_in_the_Olympic_Village,_London_1948.jpg","option1":"United Kingdom","option2":"Kenya","option3":"Kingdom of Great Britain","option4":"New Zealand","option5":"Saint Lucia","option6":"Germany","option7":"India","option8":"Australia","correctIndex":1}
{"questionId":"56b9970a8f06187d051eec522e7b2b77","question":"A. David Buckingham is from which country ?","image":"No Image Available In Wikidata","option1":"Kingdom of Great Britain","option2":"New Zealand","option3":"United Kingdom","option4":"Bangladesh","option5":"India","option6":"Australia","option7":"Germany","option8":"United States of America","correctIndex":6}
{"questionId":"ed2cf83278ed76b0380dfefc49d160bd","question":"Bhupinder Singh of Patiala is from which country ?","image":"https://upload.wikimedia.org/wikipedia/commons/4/49/Bhupendra_Singh_Patiala.jpg","option1":"Saint Lucia","option2":"New Zealand","option3":"India","option4":"Bangladesh","option5":"United Kingdom","option6":"Kingdom of Great Britain","option7":"Ireland","option8":"Pakistan","correctIndex":3}
{"questionId":"5a93307affee644f37eaf6cdc5da549d","question":"Lorrie Wilmot is from which country ?","image":"No Image Available In Wikidata","option1":"Kenya","option2":"New Zealand","option3":"United Kingdom","option4":"United States of America","option5":"Bangladesh","option6":"Germany","option7":"India","option8":"South Africa","correctIndex":8}
{"questionId":"f6bc9338bf113081a204abf702ccd2cc","question":"Sachin Tendulkar is from which country ?","image":"https://upload.wikimedia.org/wikipedia/commons/3/35/Sachin_at_Castrol_Golden_Spanner_Awards_(crop).jpg","option1":"United Kingdom","option2":"Pakistan","option3":"Saint Lucia","option4":"Australia","option5":"New Zealand","option6":"Ireland","option7":"India","option8":"Kingdom of Great Britain","correctIndex":7}
{"questionId":"3199b529f312003c163e340313681565","question":"Bill Lockwood is from which country ?","image":"https://upload.wikimedia.org/wikipedia/commons/4/41/William_Lockwood.jpg","option1":"Australia","option2":"United Kingdom","option3":"Germany","option4":"United States of America","option5":"Ireland","option6":"Saint Lucia","option7":"Kenya","option8":"India","correctIndex":2}
{"questionId":"a7778e116a8f818ddf1535f648177e69","question":"Nawaz Sharif is from which country ?","image":"https://upload.wikimedia.org/wikipedia/commons/8/87/Nawaz_Sharif_detail,_981203-D-9880W-117.jpg","option1":"United States of America","option2":"Kingdom of Great Britain","option3":"India","option4":"Australia","option5":"New Zealand","option6":"Pakistan","option7":"United Kingdom","option8":"Bangladesh","correctIndex":6}
{"questionId":"24a3e63ebd8a4f515ed04efd77959289","question":"Arthur Gilligan is from which country ?","image":"https://upload.wikimedia.org/wikipedia/commons/2/2e/Arthur_Gilligan.jpg","option1":"South Africa","option2":"New Zealand","option3":"Kenya","option4":"Australia","option5":"India","option6":"Kingdom of Great Britain","option7":"Pakistan","option8":"United Kingdom","correctIndex":8}
{"questionId":"c2bf55430627f55ed48445b13b59d744","question":"John Dilloway is from which country ?","image":"No Image Available In Wikidata","option1":"Kenya","option2":"India","option3":"United States of America","option4":"United Kingdom","option5":"South Africa","option6":"Saint Lucia","option7":"Australia","option8":"Ireland","correctIndex":4}
{"questionId":"29a6749115ddd928a249c12d62a34d21","question":"Matthew Walker is from which country ?","image":"No Image Available In Wikidata","option1":"Kingdom of Great Britain","option2":"Ireland","option3":"New Zealand","option4":"India","option5":"United States of America","option6":"United Kingdom","option7":"Kenya","option8":"Germany","correctIndex":3}
{"questionId":"78cb5f321011776756c4496e2b8cdafe","question":"Ajinkya Rahane is from which country ?","image":"https://upload.wikimedia.org/wikipedia/commons/b/b8/Ajinkya_Rahane.jpg","option1":"Kingdom of Great Britain","option2":"Australia","option3":"Bangladesh","option4":"South Africa","option5":"Saint Lucia","option6":"India","option7":"Germany","option8":"Pakistan","correctIndex":6}
{"questionId":"0921369a853d17bfbe05cff8e3a8a57c","question":"Bob Woolmer is from which country ?","image":"https://upload.wikimedia.org/wikipedia/commons/d/dd/Bob_Woolmer.JPG","option1":"South Africa","option2":"Australia","option3":"United Kingdom","option4":"India","option5":"Kenya","option6":"Ireland","option7":"New Zealand","option8":"Kingdom of Great Britain","correctIndex":3}
{"questionId":"471206d93b6e8af05930d03b91e8b3ef","question":"Andrew Flintoff is from which country ?","image":"https://upload.wikimedia.org/wikipedia/commons/6/6c/Andrew_Flintoff.jpg","option1":"Australia","option2":"Bangladesh","option3":"Kenya","option4":"United Kingdom","option5":"India","option6":"Germany","option7":"New Zealand","option8":"Ireland","correctIndex":4}
{"questionId":"80b3fbfdfa332e4472da68906a15c94c","question":"Justin Langer is from which country ?","image":"https://upload.wikimedia.org/wikipedia/commons/e/e7/Justin_Langer_Portrait.jpg","option1":"United Kingdom","option2":"Kenya","option3":"South Africa","option4":"New Zealand","option5":"Pakistan","option6":"United States of America","option7":"Australia","option8":"India","correctIndex":7}
{"questionId":"dba821ed176ed8537c41c49d4575a217","question":"Paul Blakeley is from which country ?","image":"No Image Available In Wikidata","option1":"Kenya","option2":"United Kingdom","option3":"Pakistan","option4":"Kingdom of Great Britain","option5":"South Africa","option6":"New Zealand","option7":"Ireland","option8":"Saint Lucia","correctIndex":2}
{"questionId":"78882007ba977aa6c84632cd46c743c3","question":"Charles Holloway is from which country ?","image":"No Image Available In Wikidata","option1":"Ireland","option2":"United Kingdom","option3":"Pakistan","option4":"Kenya","option5":"New Zealand","option6":"Australia","option7":"Germany","option8":"United States of America","correctIndex":2}
{"questionId":"fd773e3f34990259972e089430afc7f5","question":"Virat Kohli is from which country ?","image":"https://upload.wikimedia.org/wikipedia/commons/0/0d/Viratkohli.jpg","option1":"India","option2":"New Zealand","option3":"Pakistan","option4":"Saint Lucia","option5":"United Kingdom","option6":"Kingdom of Great Britain","option7":"Bangladesh","option8":"Kenya","correctIndex":1}
{"questionId":"84bb5256f3229ddbc512ee7b1cebd5d6","question":"John Gunn is from which country ?","image":"No Image Available In Wikidata","option1":"United States of America","option2":"Saint Lucia","option3":"United Kingdom","option4":"Bangladesh","option5":"Germany","option6":"Ireland","option7":"Pakistan","option8":"India","correctIndex":3}
{"questionId":"35ffa66edf6b5be9a85fe2bad84b4ed8","question":"Edward Knight is from which country ?","image":"No Image Available In Wikidata","option1":"United States of America","option2":"Germany","option3":"Saint Lucia","option4":"Bangladesh","option5":"South Africa","option6":"United Kingdom","option7":"Pakistan","option8":"Kingdom of Great Britain","correctIndex":6}
{"questionId":"00c123d8396645816718d41bc90c2570","question":"Tim Razzall, Baron Razzall is from which country ?","image":"https://upload.wikimedia.org/wikipedia/commons/6/60/Tim_Razzall_at_Bournemouth.jpg","option1":"Pakistan","option2":"Kingdom of Great Britain","option3":"United Kingdom","option4":"India","option5":"Australia","option6":"South Africa","option7":"New Zealand","option8":"Saint Lucia","correctIndex":3}
{"questionId":"ea072dd446fc97a8cc79d8735c60f64e","question":"Geoff Hurst is from which country ?","image":"https://upload.wikimedia.org/wikipedia/commons/8/8c/Geoff_Hurst_(2).jpg","option1":"United Kingdom","option2":"Kingdom of Great Britain","option3":"South Africa","option4":"New Zealand","option5":"Germany","option6":"Bangladesh","option7":"Ireland","option8":"Saint Lucia","correctIndex":1}
{"questionId":"7504bdde40e6edea7fe0e5d08401f272","question":"Alfred Dipper is from which country ?","image":"No Image Available In Wikidata","option1":"India","option2":"United States of America","option3":"Australia","option4":"Bangladesh","option5":"Kingdom of Great Britain","option6":"South Africa","option7":"United Kingdom","option8":"Saint Lucia","correctIndex":7}
{"questionId":"f162da7e0a22902faac3ce44ff55974c","question":"Jonathan Fielding is from which country ?","image":"No Image Available In Wikidata","option1":"United Kingdom","option2":"Ireland","option3":"Kingdom of Great Britain","option4":"Bangladesh","option5":"Pakistan","option6":"India","option7":"United States of America","option8":"Saint Lucia","correctIndex":1}
{"questionId":"0f13705350d85600ff14fff2906d4431","question":"Arthur Wood is from which country ?","image":"No Image Available In Wikidata","option1":"Ireland","option2":"South Africa","option3":"Australia","option4":"United Kingdom","option5":"Kingdom of Great Britain","option6":"Germany","option7":"United States of America","option8":"Saint Lucia","correctIndex":4}
{"questionId":"c6aaa97d6219059b2efab976dd8ea3a7","question":"Mithun Manhas is from which country ?","image":"No Image Available In Wikidata","option1":"Bangladesh","option2":"United States of America","option3":"Australia","option4":"New Zealand","option5":"Pakistan","option6":"Germany","option7":"India","option8":"Kingdom of Great Britain","correctIndex":7}
{"questionId":"58de2bc85b2ff7151e32c91794d28fc5","question":"Arthur Henfrey is from which country ?","image":"No Image Available In Wikidata","option1":"Australia","option2":"United Kingdom","option3":"United States of America","option4":"New Zealand","option5":"Saint Lucia","option6":"Kenya","option7":"Kingdom of Great Britain","option8":"South Africa","correctIndex":2}
{"questionId":"cf15aea4fb3226aa0fad67e7b1b80ab4","question":"Matthew Allin is from which country ?","image":"No Image Available In Wikidata","option1":"Kenya","option2":"Australia","option3":"New Zealand","option4":"Saint Lucia","option5":"Bangladesh","option6":"South Africa","option7":"United Kingdom","option8":"Kingdom of Great Britain","correctIndex":7}
{"questionId":"4886f94f4455c32cf7612d6c11f34c4b","question":"Alex Obanda is from which country ?","image":"No Image Available In Wikidata","option1":"Kingdom of Great Britain","option2":"Germany","option3":"Australia","option4":"Saint Lucia","option5":"Kenya","option6":"Pakistan","option7":"Ireland","option8":"United States of America","correctIndex":5}
{"questionId":"b620a3a532380d6bf6a0f6aa497e484e","question":"Shakib Al Hasan is from which country ?","image":"https://upload.wikimedia.org/wikipedia/commons/5/59/Shakib-Al-Hasan-Face.jpg","option1":"Australia","option2":"Saint Lucia","option3":"New Zealand","option4":"United Kingdom","option5":"Kingdom of Great Britain","option6":"India","option7":"Pakistan","option8":"Bangladesh","correctIndex":8}
{"questionId":"56d4c03e0b816a6179d8919ca07181e6","question":"David Humphries is from which country ?","image":"No Image Available In Wikidata","option1":"New Zealand","option2":"Ireland","option3":"India","option4":"Bangladesh","option5":"United Kingdom","option6":"United States of America","option7":"Germany","option8":"Pakistan","correctIndex":5}
{"questionId":"af4a02cb8e329d2111386068328fd017","question":"William Foulke is from which country ?","image":"https://upload.wikimedia.org/wikipedia/commons/a/ac/William_Henry_Foulke_in_Goal.jpg","option1":"South Africa","option2":"United States of America","option3":"Australia","option4":"United Kingdom","option5":"Kenya","option6":"Bangladesh","option7":"Saint Lucia","option8":"Germany","correctIndex":4}
{"questionId":"4e630bb594f13c1e3ee818e31d8fc6a5","question":"Lance Klusener is from which country ?","image":"No Image Available In Wikidata","option1":"Australia","option2":"United Kingdom","option3":"Kenya","option4":"South Africa","option5":"Saint Lucia","option6":"New Zealand","option7":"Germany","option8":"India","correctIndex":4}
{"questionId":"fca217e76b06960fd1234c32ddd3710a","question":"Navjot Singh Sidhu is from which country ?","image":"https://upload.wikimedia.org/wikipedia/commons/3/3d/Navjot_Singh_Sidhu.jpg","option1":"United Kingdom","option2":"South Africa","option3":"Pakistan","option4":"Ireland","option5":"Saint Lucia","option6":"Kingdom of Great Britain","option7":"New Zealand","option8":"India","correctIndex":8}
{"questionId":"cdf23dcdf7ea79a2c2684d2bc9deae26","question":"Imran Khan is from which country ?","image":"https://upload.wikimedia.org/wikipedia/commons/a/a1/Imran_Khan.jpg","option1":"Ireland","option2":"United Kingdom","option3":"Bangladesh","option4":"Germany","option5":"Pakistan","option6":"New Zealand","option7":"United States of America","option8":"Saint Lucia","correctIndex":5}
{"questionId":"bd06c7bf05f508f446abb8d911d1eece","question":"Phil Jaques is from which country ?","image":"https://upload.wikimedia.org/wikipedia/commons/8/82/Phil_Jaques.jpg","option1":"Kingdom of Great Britain","option2":"United States of America","option3":"United Kingdom","option4":"Saint Lucia","option5":"Australia","option6":"Pakistan","option7":"New Zealand","option8":"Germany","correctIndex":5}
{"questionId":"1353de21c82fbd8dde065f764e8d4ee7","question":"Thomas Hughes is from which country ?","image":"https://upload.wikimedia.org/wikipedia/commons/2/2b/Thomas_Hughes_statue.jpg","option1":"Kingdom of Great Britain","option2":"Kenya","option3":"Pakistan","option4":"Saint Lucia","option5":"New Zealand","option6":"United Kingdom","option7":"India","option8":"South Africa","correctIndex":6}
{"questionId":"f4387402090ebee9e85715ce1b104e74","question":"Alec Douglas-Home is from which country ?","image":"https://upload.wikimedia.org/wikipedia/commons/4/48/Alec_Douglas-Home_Allan_Warren.jpg","option1":"Germany","option2":"New Zealand","option3":"South Africa","option4":"Kingdom of Great Britain","option5":"United Kingdom","option6":"Saint Lucia","option7":"Ireland","option8":"Bangladesh","correctIndex":5}
{"questionId":"51af36c62c94f5965bcf0ef19996c155","question":"Don Bradman is from which country ?","image":"https://upload.wikimedia.org/wikipedia/commons/4/42/DonaldBradman.jpg","option1":"Pakistan","option2":"Australia","option3":"New Zealand","option4":"South Africa","option5":"Bangladesh","option6":"Kenya","option7":"United States of America","option8":"Kingdom of Great Britain","correctIndex":2}
{"questionId":"7794148c6f18574d7abfb510cfb72363","question":"Ian Gemmell is from which country ?","image":"No Image Available In Wikidata","option1":"Pakistan","option2":"Ireland","option3":"South Africa","option4":"Australia","option5":"United States of America","option6":"United Kingdom","option7":"New Zealand","option8":"Kingdom of Great Britain","correctIndex":6}
{"questionId":"bfeaf6b9dbd85d606065009adaf7e0b9","question":"Walter Monckton, 1st Viscount Monckton of Brenchley is from which country ?","image":"No Image Available In Wikidata","option1":"Germany","option2":"Kingdom of Great Britain","option3":"United Kingdom","option4":"Pakistan","option5":"Kenya","option6":"South Africa","option7":"Australia","option8":"New Zealand","correctIndex":3}
{"questionId":"ef6462ad348e66a019466257bb94616c","question":"Arthur Conan Doyle is from which country ?","image":"https://upload.wikimedia.org/wikipedia/commons/b/bb/Conan_doyle.jpg","option1":"Kingdom of Great Britain","option2":"Ireland","option3":"Saint Lucia","option4":"South Africa","option5":"United Kingdom","option6":"Pakistan","option7":"Germany","option8":"United States of America","correctIndex":5}
{"questionId":"1874c7cb25cfedadd9182eeec92cb802","question":"Sunette Viljoen is from which country ?","image":"https://upload.wikimedia.org/wikipedia/commons/7/7b/Sunette_Viljoen_2010.jpg","option1":"United Kingdom","option2":"Pakistan","option3":"South Africa","option4":"United States of America","option5":"Kingdom of Great Britain","option6":"Ireland","option7":"Saint Lucia","option8":"India","correctIndex":3}
{"questionId":"f080a6e68382e35faec3cff3604fb25b","question":"Robert Fellowes, Baron Fellowes is from which country ?","image":"No Image Available In Wikidata","option1":"India","option2":"Ireland","option3":"New Zealand","option4":"United Kingdom","option5":"Kingdom of Great Britain","option6":"Germany","option7":"Australia","option8":"Bangladesh","correctIndex":4}
{"questionId":"f2ab03d7aaca2286ff272d09a5f83104","question":"Maurice Bonham Carter is from which country ?","image":"No Image Available In Wikidata","option1":"Saint Lucia","option2":"United Kingdom","option3":"Australia","option4":"New Zealand","option5":"Pakistan","option6":"Kingdom of Great Britain","option7":"South Africa","option8":"Kenya","correctIndex":2}
{"questionId":"edf87efc02b820dbf08a7a2086e22702","question":"Abhishek Nayar is from which country ?","image":"No Image Available In Wikidata","option1":"United Kingdom","option2":"Saint Lucia","option3":"India","option4":"Kingdom of Great Britain","option5":"Ireland","option6":"Pakistan","option7":"United States of America","option8":"New Zealand","correctIndex":3}
{"questionId":"32dc9fecd2300a195c84dd0c2bba8785","question":"Charles Du Cane is from which country ?","image":"https://upload.wikimedia.org/wikipedia/commons/b/b5/Charles_Du_Cane.jpg","option1":"Saint Lucia","option2":"United Kingdom","option3":"Bangladesh","option4":"Ireland","option5":"Kenya","option6":"India","option7":"South Africa","option8":"United States of America","correctIndex":2}
{"questionId":"22f5613ccd8a08f69c70dbe0b83c5b33","question":"William Webb Ellis is from which country ?","image":"https://upload.wikimedia.org/wikipedia/commons/9/9f/William_Webb_Ellis.jpg","option1":"Saint Lucia","option2":"Bangladesh","option3":"Germany","option4":"United Kingdom","option5":"New Zealand","option6":"India","option7":"Kingdom of Great Britain","option8":"Pakistan","correctIndex":4}
{"questionId":"2efd433372c8acb28f3e2c8c3db077b6","question":"John Jacob Astor, 1st Baron Astor of Hever is from which country ?","image":"No Image Available In Wikidata","option1":"United States of America","option2":"Australia","option3":"Pakistan","option4":"Kingdom of Great Britain","option5":"India","option6":"South Africa","option7":"New Zealand","option8":"Kenya","correctIndex":1}
{"questionId":"2efd433372c8acb28f3e2c8c3db077b6","question":"John Jacob Astor, 1st Baron Astor of Hever is from which country ?","image":"No Image Available In Wikidata","option1":"India","option2":"Saint Lucia","option3":"Kenya","option4":"Kingdom of Great Britain","option5":"United Kingdom","option6":"Australia","option7":"Bangladesh","option8":"Ireland","correctIndex":5}
{"questionId":"0da8db902322764a5082d4f3c1a7d9f0","question":"Lionel Tennyson, 3rd Baron Tennyson is from which country ?","image":"No Image Available In Wikidata","option1":"Saint Lucia","option2":"Kingdom of Great Britain","option3":"Pakistan","option4":"Bangladesh","option5":"South Africa","option6":"New Zealand","option7":"United States of America","option8":"United Kingdom","correctIndex":8}
{"questionId":"78e351d075333222564f933d3ada3d48","question":"Charles Philip Yorke, 5th Earl of Hardwicke is from which country ?","image":"https://upload.wikimedia.org/wikipedia/commons/5/5d/5thEarlOfHardwicke.jpg","option1":"Australia","option2":"United States of America","option3":"United Kingdom","option4":"South Africa","option5":"Saint Lucia","option6":"Bangladesh","option7":"Germany","option8":"New Zealand","correctIndex":3}
{"questionId":"eb78d9aa794edb10e5797bd42304230d","question":"John Manners-Sutton, 3rd Viscount Canterbury is from which country ?","image":"https://upload.wikimedia.org/wikipedia/commons/0/03/3rdViscountCanterbury.jpg","option1":"Australia","option2":"United Kingdom","option3":"United States of America","option4":"Bangladesh","option5":"Kenya","option6":"New Zealand","option7":"Saint Lucia","option8":"Germany","correctIndex":2}
{"questionId":"5f1a46d697f9d90d751673c0887d29f9","question":"Charles Gordon-Lennox, 6th Duke of Richmond is from which country ?","image":"https://upload.wikimedia.org/wikipedia/commons/5/5d/Charles_Henry_Gordon-Lennox,_6th_Duke_of_Richmond,_6th_Duke_of_Lennox,_and_1st_Duke_of_Gordon.jpg","option1":"Germany","option2":"Saint Lucia","option3":"Kingdom of Great Britain","option4":"Ireland","option5":"United Kingdom","option6":"Pakistan","option7":"Bangladesh","option8":"United States of America","correctIndex":5}
{"questionId":"dd51fd80300116e5276d76efaec3a660","question":"George Sutherland-Leveson-Gower, 2nd Duke of Sutherland is from which country ?","image":"https://upload.wikimedia.org/wikipedia/commons/e/e9/George_Granville_Sutherland-Leveson-Gower,_2nd_Duke_of_Sutherland,_by_English_school_circa_1810.jpg","option1":"Kingdom of Great Britain","option2":"New Zealand","option3":"Germany","option4":"Kenya","option5":"Ireland","option6":"India","option7":"Saint Lucia","option8":"United Kingdom","correctIndex":8}
{"questionId":"94d1e494deede995fa8e9829a0151d25","question":"Montague Druitt is from which country ?","image":"https://upload.wikimedia.org/wikipedia/commons/d/d1/Montague_Druitt.jpg","option1":"New Zealand","option2":"United States of America","option3":"Germany","option4":"United Kingdom","option5":"Bangladesh","option6":"South Africa","option7":"India","option8":"Australia","correctIndex":4}
{"questionId":"ad9ee494270daa487f16c14a082e5166","question":"Ted Drake is from which country ?","image":"No Image Available In Wikidata","option1":"United Kingdom","option2":"Germany","option3":"India","option4":"Australia","option5":"United States of America","option6":"South Africa","option7":"Saint Lucia","option8":"New Zealand","correctIndex":1}
{"questionId":"7e7d110be37f6caecc1bcd4fe9acf3f1","question":"Ian Healy is from which country ?","image":"No Image Available In Wikidata","option1":"Australia","option2":"Saint Lucia","option3":"India","option4":"United States of America","option5":"Kingdom of Great Britain","option6":"Ireland","option7":"Kenya","option8":"Pakistan","correctIndex":1}
{"questionId":"040ca2c62c8e946d9bccaf5d17f9ff0f","question":"Charles Lennox, 4th Duke of Richmond is from which country ?","image":"https://upload.wikimedia.org/wikipedia/commons/3/3b/Charles_Lennox,_4th_Duke_of_Richmond_-_Project_Gutenberg_etext_20110.jpg","option1":"United Kingdom","option2":"South Africa","option3":"New Zealand","option4":"India","option5":"Germany","option6":"Bangladesh","option7":"Pakistan","option8":"Kingdom of Great Britain","correctIndex":1}
{"questionId":"b920bfcdb57dab54593ef470b95f31e8","question":"Edward Horsman is from which country ?","image":"https://upload.wikimedia.org/wikipedia/commons/0/0c/Horsman,_Edward_(1807-1876),_by_Southwell_Brothers,_c.1862-4.jpg","option1":"United Kingdom","option2":"Australia","option3":"Pakistan","option4":"Ireland","option5":"Bangladesh","option6":"Germany","option7":"Kingdom of Great Britain","option8":"New Zealand","correctIndex":1}
{"questionId":"97a91dac7689e9bb2372264f25859894","question":"Efren Cruz is from which country ?","image":"No Image Available In Wikidata","option1":"India","option2":"Kingdom of Great Britain","option3":"Kenya","option4":"Germany","option5":"Australia","option6":"United Kingdom","option7":"Saint Lucia","option8":"New Zealand","correctIndex":6}
{"questionId":"e3c597af84b694b403a2b181687a4b0d","question":"Alick Bannerman is from which country ?","image":"https://upload.wikimedia.org/wikipedia/commons/0/01/Alick_Bannerman.jpg","option1":"South Africa","option2":"United Kingdom","option3":"New Zealand","option4":"Bangladesh","option5":"Kenya","option6":"Germany","option7":"India","option8":"Australia","correctIndex":8}
{"questionId":"60b23f021f7cda4a61c6733ea1f4fd59","question":"George Spencer-Churchill, 6th Duke of Marlborough is from which country ?","image":"https://upload.wikimedia.org/wikipedia/commons/0/0a/Georgespencer1793.jpg","option1":"India","option2":"Pakistan","option3":"Kenya","option4":"South Africa","option5":"United Kingdom","option6":"Kingdom of Great Britain","option7":"Bangladesh","option8":"Ireland","correctIndex":5}
{"questionId":"186a54762e92c48d4e1061441d64da3a","question":"George Douglas-Hamilton, 10th Earl of Selkirk is from which country ?","image":"https://upload.wikimedia.org/wikipedia/commons/f/ff/10thEarl_of_Selkirk.jpg","option1":"Kingdom of Great Britain","option2":"Bangladesh","option3":"Kenya","option4":"United Kingdom","option5":"Germany","option6":"Ireland","option7":"Pakistan","option8":"Australia","correctIndex":4}
{"questionId":"f8126ce77f433caee8b8d653139957c8","question":"Samuel Beckett is from which country ?","image":"https://upload.wikimedia.org/wikipedia/commons/0/09/Samuel_Beckett,_Pic,_1.jpg","option1":"Kenya","option2":"Kingdom of Great Britain","option3":"Pakistan","option4":"Ireland","option5":"New Zealand","option6":"Australia","option7":"United States of America","option8":"Saint Lucia","correctIndex":4}
{"questionId":"d1d99f974141dded698007f329d37b67","question":"Charles Montagu-Scott, 4th Duke of Buccleuch is from which country ?","image":"https://upload.wikimedia.org/wikipedia/commons/7/71/Charles_Montagu-Scott,_4th_Duke_of_Buccleuch.jpg","option1":"New Zealand","option2":"United Kingdom","option3":"India","option4":"Germany","option5":"Australia","option6":"Kenya","option7":"South Africa","option8":"Ireland","correctIndex":2}
{"questionId":"be60ed6a932b2c718057079300c22a33","question":"Lord George Hamilton is from which country ?","image":"https://upload.wikimedia.org/wikipedia/commons/1/14/Lord_George_Hamilton.JPG","option1":"India","option2":"Australia","option3":"Pakistan","option4":"Ireland","option5":"South Africa","option6":"Germany","option7":"United Kingdom","option8":"Saint Lucia","correctIndex":7}
{"questionId":"78148258ab0fb735dc7c3e35f2ce7563","question":"Frederic Thesiger, 1st Viscount Chelmsford is from which country ?","image":"https://upload.wikimedia.org/wikipedia/commons/2/29/1stViscountChelmsford.jpg","option1":"United Kingdom","option2":"South Africa","option3":"Bangladesh","option4":"Kenya","option5":"Germany","option6":"Saint Lucia","option7":"United States of America","option8":"India","correctIndex":1}
{"questionId":"78148258ab0fb735dc7c3e35f2ce7563","question":"Frederic Thesiger, 1st Viscount Chelmsford is from which country ?","image":"https://upload.wikimedia.org/wikipedia/commons/2/29/1stViscountChelmsford.jpg","option1":"Saint Lucia","option2":"Australia","option3":"Kingdom of Great Britain","option4":"Germany","option5":"South Africa","option6":"Bangladesh","option7":"Pakistan","option8":"New Zealand","correctIndex":2}
{"questionId":"e991c01314ec78924efed4b3469f7cf4","question":"Douglas Bader is from which country ?","image":"https://upload.wikimedia.org/wikipedia/commons/b/bc/Douglas-Bader-on-wingLG.jpg","option1":"United States of America","option2":"Saint Lucia","option3":"New Zealand","option4":"Pakistan","option5":"India","option6":"United Kingdom","option7":"Kenya","option8":"Bangladesh","correctIndex":6}
{"questionId":"e5a7b88de423c6dbd8ec8df1928b5d67","question":"Charles Lyttelton, 10th Viscount Cobham is from which country ?","image":"https://upload.wikimedia.org/wikipedia/commons/a/af/Governor_General_Lord_Cobham_at_the_Kelliher_art_exhibition.jpg","option1":"New Zealand","option2":"Germany","option3":"United Kingdom","option4":"Kenya","option5":"Saint Lucia","option6":"Australia","option7":"Kingdom of Great Britain","option8":"Pakistan","correctIndex":3}
{"questionId":"1aeabe5c70ddd84b1680a67f1976aa75","question":"Adam Gilchrist is from which country ?","image":"https://upload.wikimedia.org/wikipedia/commons/8/80/Adam_Gilchrist_of_Australia.jpg","option1":"United States of America","option2":"United Kingdom","option3":"Saint Lucia","option4":"New Zealand","option5":"Australia","option6":"Kenya","option7":"South Africa","option8":"Ireland","correctIndex":5}
{"questionId":"0ad9e790ae8d8adaf8f55a3577dc803e","question":"Dickie Burrough is from which country ?","image":"No Image Available In Wikidata","option1":"Kenya","option2":"Pakistan","option3":"Saint Lucia","option4":"Ireland","option5":"South Africa","option6":"United States of America","option7":"Australia","option8":"United Kingdom","correctIndex":8}
{"questionId":"80fb0191816075bee0fe7a03c1236ff8","question":"Rachael Heyhoe Flint is from which country ?","image":"No Image Available In Wikidata","option1":"Kingdom of Great Britain","option2":"Kenya","option3":"New Zealand","option4":"United Kingdom","option5":"Pakistan","option6":"Saint Lucia","option7":"South Africa","option8":"Bangladesh","correctIndex":4}
{"questionId":"ae13c365af35aa9ac5c469d7263a9bfb","question":"Henry Forster, 1st Baron Forster is from which country ?","image":"https://upload.wikimedia.org/wikipedia/commons/0/0d/Ac.forster.jpg","option1":"United States of America","option2":"Kingdom of Great Britain","option3":"Kenya","option4":"Saint Lucia","option5":"Ireland","option6":"Australia","option7":"United Kingdom","option8":"Germany","correctIndex":7}
{"questionId":"9ca12c1c9115dad76efa278387cb9b8e","question":"Herbert Stewart is from which country ?","image":"No Image Available In Wikidata","option1":"New Zealand","option2":"Germany","option3":"United Kingdom","option4":"Australia","option5":"Ireland","option6":"Saint Lucia","option7":"Kenya","option8":"Kingdom of Great Britain","correctIndex":3}
{"questionId":"716863ff78a7987233a976df50bf9682","question":"George Collins is from which country ?","image":"No Image Available In Wikidata","option1":"Ireland","option2":"Germany","option3":"India","option4":"United States of America","option5":"Kingdom of Great Britain","option6":"Bangladesh","option7":"United Kingdom","option8":"Kenya","correctIndex":7}
